strategy,cost_cents,mean_gap_pp,p10_gap_pp,p90_gap_pp,optimal_fraction
vinelm,0E-11,9.200000000000001,0.0,20.0,0.27
vinelm,0.2509847998583333333333333333,8.200000000000001,0.0,20.0,0.28
vinelm,0.5019695997166666666666666667,7.950000000000001,0.0,20.0,0.26
vinelm,0.752954399575,7.300000000000001,0.0,15.500000000000044,0.24
vinelm,1.003939199433333333333333333,7.050000000000001,0.0,15.500000000000044,0.29
vinelm,1.254923999291666666666666667,6.750000000000001,0.0,15.000000000000002,0.26
vinelm,1.50590879915,6.350000000000001,0.0,15.000000000000002,0.24
vinelm,1.756893599008333333333333333,5.950000000000002,0.0,9.999999999999998,0.24
vinelm,2.007878398866666666666666667,5.350000000000002,0.0,9.999999999999998,0.28
vinelm,2.258863198725,5.400000000000002,0.0,9.999999999999998,0.27
vinelm,2.509847998583333333333333333,5.000000000000002,0.0,9.999999999999998,0.28
vinelm,2.760832798441666666666666667,4.400000000000002,0.0,9.999999999999998,0.36
vinelm,3.01181759830,4.900000000000002,0.0,9.999999999999998,0.31
vinelm,3.262802398158333333333333333,5.150000000000002,0.0,9.999999999999998,0.31
vinelm,3.513787198016666666666666667,4.500000000000002,0.0,9.999999999999998,0.33
vinelm,3.764771997875,5.000000000000002,0.0,9.999999999999998,0.29
vinelm,4.015756797733333333333333333,5.050000000000002,0.0,9.999999999999998,0.31
vinelm,4.266741597591666666666666667,4.450000000000002,0.0,9.999999999999998,0.37
vinelm,4.51772639745,4.200000000000002,0.0,9.999999999999998,0.39
vinelm,4.768711197308333333333333333,4.450000000000002,0.0,9.999999999999998,0.38
vinelm,5.019695997166666666666666667,4.250000000000002,0.0,9.999999999999998,0.42
vinelm,5.270680797025,3.600000000000002,0.0,9.999999999999998,0.46
vinelm,5.521665596883333333333333333,3.5500000000000016,0.0,9.999999999999998,0.43
vinelm,5.772650396741666666666666667,3.350000000000002,0.0,9.999999999999998,0.49
vinelm,6.02363519660,3.1500000000000012,0.0,9.999999999999998,0.54
vinelm,6.274619996458333333333333333,3.350000000000001,0.0,9.999999999999998,0.52
vinelm,6.525604796316666666666666667,3.2500000000000013,0.0,9.999999999999998,0.52
vinelm,6.776589596175,3.6500000000000017,0.0,9.999999999999998,0.48
vinelm,7.027574396033333333333333333,3.4500000000000015,0.0,9.999999999999998,0.5
vinelm,7.278559195891666666666666667,3.4500000000000015,0.0,9.999999999999998,0.49
vinelm,7.52954399575,3.350000000000002,0.0,9.999999999999998,0.5
vinelm,7.780528795608333333333333333,3.600000000000002,0.0,9.999999999999998,0.48
vinelm,8.031513595466666666666666667,3.600000000000001,0.0,9.999999999999998,0.51
vinelm,8.282498395325,3.6500000000000017,0.0,9.999999999999998,0.49
vinelm,8.533483195183333333333333333,3.7500000000000013,0.0,9.999999999999998,0.48
vinelm,8.784467995041666666666666667,3.6500000000000017,0.0,9.999999999999998,0.48
vinelm,9.03545279490,3.6500000000000017,0.0,9.999999999999998,0.47
vinelm,9.286437594758333333333333333,3.300000000000001,0.0,9.999999999999998,0.54
vinelm,9.537422394616666666666666667,3.0000000000000013,0.0,9.999999999999998,0.55
vinelm,9.788407194475,2.850000000000001,0.0,9.999999999999998,0.56
vinelm,10.03939199433333333333333333,2.600000000000001,0.0,5.500000000000046,0.59
vinelm,10.29037679419166666666666667,2.9000000000000012,0.0,9.999999999999998,0.55
vinelm,10.54136159405,3.0500000000000016,0.0,9.999999999999998,0.51
vinelm,10.79234639390833333333333333,2.9000000000000012,0.0,9.999999999999998,0.54
vinelm,11.04333119376666666666666667,2.800000000000001,0.0,9.999999999999998,0.57
vinelm,11.294315993625,2.6500000000000017,0.0,5.000000000000004,0.56
vinelm,11.54530079348333333333333333,2.3500000000000014,0.0,5.000000000000004,0.62
vinelm,11.79628559334166666666666667,2.600000000000001,0.0,5.500000000000046,0.59
vinelm,12.04727039320,2.700000000000001,0.0,9.999999999999998,0.59
vinelm,12.29825519305833333333333333,2.5500000000000016,0.0,5.000000000000004,0.6
vinelm,12.54923999291666666666666667,2.450000000000001,0.0,5.000000000000004,0.61
vinelm,12.800224792775,2.5500000000000016,0.0,5.000000000000004,0.59
vinelm,13.05120959263333333333333333,2.5000000000000013,0.0,5.000000000000004,0.58
vinelm,13.30219439249166666666666667,2.5000000000000013,0.0,5.000000000000004,0.59
vinelm,13.55317919235,2.3000000000000016,0.0,5.000000000000004,0.61
vinelm,13.80416399220833333333333333,2.2000000000000015,0.0,5.000000000000004,0.62
vinelm,14.05514879206666666666666667,2.3000000000000016,0.0,5.000000000000004,0.61
vinelm,14.306133591925,2.5500000000000016,0.0,5.000000000000004,0.57
vinelm,14.55711839178333333333333333,2.4500000000000015,0.0,5.000000000000004,0.59
vinelm,14.80810319164166666666666667,2.4500000000000015,0.0,5.000000000000004,0.57
vinelm,15.05908799150,2.3500000000000014,0.0,5.000000000000004,0.6
vinelm,15.31007279135833333333333333,2.3000000000000016,0.0,5.000000000000004,0.6
vinelm,15.56105759121666666666666667,2.2000000000000015,0.0,5.000000000000004,0.62
vinelm,15.812042391075,2.2500000000000013,0.0,5.000000000000004,0.64
vinelm,16.06302719093333333333333333,2.0000000000000013,0.0,5.000000000000004,0.67
vinelm,16.31401199079166666666666667,2.0000000000000013,0.0,5.000000000000004,0.65
vinelm,16.56499679065,1.9000000000000015,0.0,5.000000000000004,0.68
vinelm,16.81598159050833333333333333,1.750000000000001,0.0,5.000000000000004,0.69
vinelm,17.06696639036666666666666667,1.8500000000000012,0.0,5.000000000000004,0.71
vinelm,17.317951190225,1.6500000000000008,0.0,5.000000000000004,0.74
vinelm,17.56893599008333333333333333,1.750000000000001,0.0,5.000000000000004,0.72
vinelm,17.81992078994166666666666667,1.7000000000000008,0.0,5.000000000000004,0.74
vinelm,18.07090558980,1.550000000000001,0.0,5.000000000000004,0.75
vinelm,18.32189038965833333333333333,1.7500000000000009,0.0,5.000000000000004,0.72
vinelm,18.57287518951666666666666667,1.6500000000000008,0.0,5.000000000000004,0.74
vinelm,18.823859989375,1.7500000000000009,0.0,5.000000000000004,0.72
vinelm,19.07484478923333333333333333,1.700000000000001,0.0,5.000000000000004,0.71
vinelm,19.32582958909166666666666667,1.300000000000001,0.0,5.000000000000004,0.79
vinelm,19.57681438895,1.3500000000000008,0.0,5.000000000000004,0.78
vinelm,19.82779918880833333333333333,1.4500000000000008,0.0,5.000000000000004,0.75
vinelm,20.07878398866666666666666667,1.300000000000001,0.0,5.000000000000004,0.78
vinelm,20.329768788525,1.300000000000001,0.0,5.000000000000004,0.77
vinelm,20.58075358838333333333333333,1.1000000000000008,0.0,5.000000000000004,0.8
vinelm,20.83173838824166666666666667,0.9000000000000007,0.0,5.000000000000004,0.84
vinelm,21.08272318810,0.7000000000000006,0.0,5.000000000000004,0.86
vinelm,21.33370798795833333333333333,0.8000000000000007,0.0,5.000000000000004,0.84
vinelm,21.58469278781666666666666667,0.6500000000000006,0.0,5.000000000000004,0.87
vinelm,21.835677587675,0.7000000000000006,0.0,5.000000000000004,0.86
vinelm,22.08666238753333333333333333,0.7000000000000006,0.0,5.000000000000004,0.86
vinelm,22.33764718739166666666666667,0.6500000000000006,0.0,5.000000000000004,0.87
vinelm,22.58863198725,0.6000000000000005,0.0,5.000000000000004,0.88
vinelm,22.83961678710833333333333333,0.40000000000000036,0.0,0.0,0.92
vinelm,23.09060158696666666666666667,0.30000000000000027,0.0,0.0,0.94
vinelm,23.341586386825,0.4500000000000003,0.0,0.0,0.92
vinelm,23.59257118668333333333333333,0.4500000000000003,0.0,0.0,0.92
vinelm,23.84355598654166666666666667,0.4000000000000003,0.0,0.0,0.93
vinelm,24.09454078640,0.4000000000000003,0.0,0.0,0.93
vinelm,24.34552558625833333333333333,0.4500000000000003,0.0,0.0,0.92
vinelm,24.59651038611666666666666667,0.30000000000000027,0.0,0.0,0.94
vinelm,24.847495185975,0.30000000000000027,0.0,0.0,0.94
vinelm,25.09847998583333333333333333,0.4000000000000003,0.0,0.0,0.93
vinelm,25.34946478569166666666666667,0.20000000000000018,0.0,0.0,0.96
vinelm,25.60044958555,0.15000000000000013,0.0,0.0,0.97
vinelm,25.85143438540833333333333333,0.15000000000000013,0.0,0.0,0.97
vinelm,26.10241918526666666666666667,0.15000000000000013,0.0,0.0,0.97
vinelm,26.353403985125,0.15000000000000013,0.0,0.0,0.97
vinelm,26.60438878498333333333333333,0.10000000000000009,0.0,0.0,0.98
vinelm,26.85537358484166666666666667,0.10000000000000009,0.0,0.0,0.98
vinelm,27.10635838470,0.050000000000000044,0.0,0.0,0.99
vinelm,27.35734318455833333333333333,0.050000000000000044,0.0,0.0,0.99
vinelm,27.60832798441666666666666667,0.050000000000000044,0.0,0.0,0.99
vinelm,27.859312784275,0.0,0.0,0.0,1.0
vinelm,28.11029758413333333333333333,0.0,0.0,0.0,1.0
vinelm,28.36128238399166666666666667,0.0,0.0,0.0,1.0
vinelm,28.61226718385,0.0,0.0,0.0,1.0
vinelm,28.86325198370833333333333333,0.0,0.0,0.0,1.0
vinelm,29.11423678356666666666666667,0.0,0.0,0.0,1.0
vinelm,29.365221583425,0.0,0.0,0.0,1.0
vinelm,29.61620638328333333333333333,0.0,0.0,0.0,1.0
vinelm,29.86719118314166666666666667,0.0,0.0,0.0,1.0
vinelm,30.11817598300,0.0,0.0,0.0,1.0
agentopt,0E-11,9.200000000000001,0.0,20.0,0.27
agentopt,0.2509847998583333333333333333,8.350000000000001,0.0,20.0,0.23
agentopt,0.5019695997166666666666666667,8.4,0.0,20.0,0.22
agentopt,0.752954399575,8.4,0.0,20.0,0.22
agentopt,1.003939199433333333333333333,8.4,0.0,20.0,0.22
agentopt,1.254923999291666666666666667,8.4,0.0,20.0,0.22
agentopt,1.50590879915,8.750000000000002,0.0,20.0,0.19
agentopt,1.756893599008333333333333333,8.200000000000001,0.0,20.0,0.22
agentopt,2.007878398866666666666666667,8.200000000000001,0.0,20.0,0.24
agentopt,2.258863198725,8.15,0.0,20.0,0.23
agentopt,2.509847998583333333333333333,8.100000000000001,0.0,20.0,0.22
agentopt,2.760832798441666666666666667,8.100000000000001,0.0,15.500000000000044,0.22
agentopt,3.01181759830,7.450000000000002,0.0,15.000000000000002,0.2
agentopt,3.262802398158333333333333333,7.100000000000001,0.0,15.000000000000002,0.23
agentopt,3.513787198016666666666666667,5.400000000000001,0.0,15.000000000000002,0.37
agentopt,3.764771997875,5.750000000000003,0.0,15.000000000000002,0.28
agentopt,4.015756797733333333333333333,5.750000000000003,0.0,15.000000000000002,0.31
agentopt,4.266741597591666666666666667,5.050000000000002,0.0,9.999999999999998,0.34
agentopt,4.51772639745,5.300000000000001,0.0,9.999999999999998,0.32
agentopt,4.768711197308333333333333333,5.650000000000001,0.0,15.000000000000002,0.36
agentopt,5.019695997166666666666666667,4.750000000000002,0.0,9.999999999999998,0.38
agentopt,5.270680797025,5.050000000000002,0.0,9.999999999999998,0.39
agentopt,5.521665596883333333333333333,4.700000000000002,0.0,9.999999999999998,0.39
agentopt,5.772650396741666666666666667,4.350000000000001,0.0,9.999999999999998,0.41
agentopt,6.02363519660,4.300000000000002,0.0,9.999999999999998,0.41
agentopt,6.274619996458333333333333333,4.550000000000002,0.0,9.999999999999998,0.39
agentopt,6.525604796316666666666666667,4.050000000000002,0.0,9.999999999999998,0.41
agentopt,6.776589596175,4.450000000000002,0.0,9.999999999999998,0.4
agentopt,7.027574396033333333333333333,4.900000000000002,0.0,15.000000000000002,0.4
agentopt,7.278559195891666666666666667,4.350000000000002,0.0,9.999999999999998,0.41
agentopt,7.52954399575,3.9500000000000015,0.0,9.999999999999998,0.42
agentopt,7.780528795608333333333333333,4.250000000000003,0.0,9.999999999999998,0.39
agentopt,8.031513595466666666666666667,3.9500000000000024,0.0,5.500000000000046,0.43
agentopt,8.282498395325,4.200000000000002,0.0,9.999999999999998,0.4
agentopt,8.533483195183333333333333333,3.850000000000002,0.0,9.999999999999998,0.42
agentopt,8.784467995041666666666666667,3.6000000000000023,0.0,5.000000000000004,0.4
agentopt,9.03545279490,3.6500000000000017,0.0,9.999999999999998,0.43
agentopt,9.286437594758333333333333333,4.050000000000002,0.0,9.999999999999998,0.39
agentopt,9.537422394616666666666666667,3.7000000000000015,0.0,9.999999999999998,0.41
agentopt,9.788407194475,3.5500000000000016,0.0,9.999999999999998,0.45
agentopt,10.03939199433333333333333333,3.100000000000002,0.0,5.000000000000004,0.5
agentopt,10.29037679419166666666666667,3.350000000000002,0.0,9.999999999999998,0.49
agentopt,10.54136159405,3.600000000000002,0.0,9.999999999999998,0.48
agentopt,10.79234639390833333333333333,2.7500000000000013,0.0,5.500000000000046,0.57
agentopt,11.04333119376666666666666667,2.700000000000001,0.0,5.000000000000004,0.57
agentopt,11.294315993625,2.9000000000000012,0.0,9.999999999999998,0.57
agentopt,11.54530079348333333333333333,2.200000000000001,0.0,5.000000000000004,0.64
agentopt,11.79628559334166666666666667,2.4000000000000012,0.0,5.000000000000004,0.62
agentopt,12.04727039320,2.0000000000000013,0.0,5.000000000000004,0.64
agentopt,12.29825519305833333333333333,2.3000000000000016,0.0,5.000000000000004,0.63
agentopt,12.54923999291666666666666667,2.450000000000001,0.0,5.000000000000004,0.62
agentopt,12.800224792775,2.0000000000000013,0.0,5.000000000000004,0.67
agentopt,13.05120959263333333333333333,2.000000000000001,0.0,5.000000000000004,0.71
agentopt,13.30219439249166666666666667,1.3500000000000008,0.0,5.000000000000004,0.77
agentopt,13.55317919235,1.300000000000001,0.0,5.000000000000004,0.79
agentopt,13.80416399220833333333333333,1.2000000000000008,0.0,5.000000000000004,0.78
agentopt,14.05514879206666666666666667,1.7000000000000008,0.0,5.000000000000004,0.76
agentopt,14.306133591925,1.1000000000000005,0.0,5.000000000000004,0.84
agentopt,14.55711839178333333333333333,0.8000000000000006,0.0,5.000000000000004,0.86
agentopt,14.80810319164166666666666667,0.6000000000000004,0.0,5.000000000000004,0.89
agentopt,15.05908799150,0.7500000000000006,0.0,5.000000000000004,0.87
agentopt,15.31007279135833333333333333,1.0500000000000005,0.0,5.000000000000004,0.84
agentopt,15.56105759121666666666666667,0.7500000000000004,0.0,5.000000000000004,0.87
agentopt,15.812042391075,0.7000000000000003,0.0,5.000000000000004,0.89
agentopt,16.06302719093333333333333333,0.6000000000000003,0.0,0.0,0.91
agentopt,16.31401199079166666666666667,0.20000000000000018,0.0,0.0,0.96
agentopt,16.56499679065,0.20000000000000007,0.0,0.0,0.97
agentopt,16.81598159050833333333333333,0.30000000000000016,0.0,0.0,0.96
agentopt,17.06696639036666666666666667,0.15000000000000013,0.0,0.0,0.97
agentopt,17.317951190225,0.15000000000000013,0.0,0.0,0.97
agentopt,17.56893599008333333333333333,0.30000000000000016,0.0,0.0,0.95
agentopt,17.81992078994166666666666667,0.10000000000000009,0.0,0.0,0.98
agentopt,18.07090558980,0.10000000000000009,0.0,0.0,0.98
agentopt,18.32189038965833333333333333,0.30000000000000004,0.0,0.0,0.97
agentopt,18.57287518951666666666666667,0.20000000000000007,0.0,0.0,0.97
agentopt,18.823859989375,0.25000000000000006,0.0,0.0,0.98
agentopt,19.07484478923333333333333333,0.20000000000000018,0.0,0.0,0.96
agentopt,19.32582958909166666666666667,0.10000000000000009,0.0,0.0,0.98
agentopt,19.57681438895,0.0,0.0,0.0,1.0
agentopt,19.82779918880833333333333333,0.0,0.0,0.0,1.0
agentopt,20.07878398866666666666666667,0.0,0.0,0.0,1.0
agentopt,20.329768788525,0.20000000000000007,0.0,0.0,0.97
agentopt,20.58075358838333333333333333,0.20000000000000018,0.0,0.0,0.96
agentopt,20.83173838824166666666666667,0.15000000000000013,0.0,0.0,0.97
agentopt,21.08272318810,0.0,0.0,0.0,1.0
agentopt,21.33370798795833333333333333,0.20000000000000007,0.0,0.0,0.98
agentopt,21.58469278781666666666666667,0.10000000000000009,0.0,0.0,0.98
agentopt,21.835677587675,0.30000000000000027,0.0,0.0,0.94
agentopt,22.08666238753333333333333333,0.30000000000000016,0.0,0.0,0.96
agentopt,22.33764718739166666666666667,0.4000000000000001,0.0,0.0,0.96
agentopt,22.58863198725,0.20000000000000018,0.0,0.0,0.96
agentopt,22.83961678710833333333333333,0.15000000000000013,0.0,0.0,0.97
agentopt,23.09060158696666666666666667,0.3500000000000001,0.0,0.0,0.96
agentopt,23.341586386825,0.4,0.0,0.0,0.98
agentopt,23.59257118668333333333333333,0.0,0.0,0.0,1.0
agentopt,23.84355598654166666666666667,0.3,0.0,0.0,0.98
agentopt,24.09454078640,0.050000000000000044,0.0,0.0,0.99
agentopt,24.34552558625833333333333333,0.050000000000000044,0.0,0.0,0.99
agentopt,24.59651038611666666666666667,0.20000000000000007,0.0,0.0,0.97
agentopt,24.847495185975,0.0,0.0,0.0,1.0
agentopt,25.09847998583333333333333333,0.20000000000000007,0.0,0.0,0.98
agentopt,25.34946478569166666666666667,0.09999999999999998,0.0,0.0,0.99
agentopt,25.60044958555,0.10000000000000009,0.0,0.0,0.98
agentopt,25.85143438540833333333333333,0.20000000000000007,0.0,0.0,0.98
agentopt,26.10241918526666666666666667,0.15000000000000002,0.0,0.0,0.99
agentopt,26.353403985125,0.050000000000000044,0.0,0.0,0.99
agentopt,26.60438878498333333333333333,0.09999999999999998,0.0,0.0,0.99
agentopt,26.85537358484166666666666667,0.050000000000000044,0.0,0.0,0.99
agentopt,27.10635838470,0.050000000000000044,0.0,0.0,0.99
agentopt,27.35734318455833333333333333,0.15000000000000002,0.0,0.0,0.99
agentopt,27.60832798441666666666666667,0.09999999999999998,0.0,0.0,0.99
agentopt,27.859312784275,0.20000000000000007,0.0,0.0,0.97
agentopt,28.11029758413333333333333333,0.09999999999999998,0.0,0.0,0.99
agentopt,28.36128238399166666666666667,0.0,0.0,0.0,1.0
agentopt,28.61226718385,0.0,0.0,0.0,1.0
agentopt,28.86325198370833333333333333,0.0,0.0,0.0,1.0
agentopt,29.11423678356666666666666667,0.0,0.0,0.0,1.0
agentopt,29.365221583425,0.0,0.0,0.0,1.0
agentopt,29.61620638328333333333333333,0.050000000000000044,0.0,0.0,0.99
agentopt,29.86719118314166666666666667,0.050000000000000044,0.0,0.0,0.99
agentopt,30.11817598300,0.0,0.0,0.0,1.0
random,0E-11,9.200000000000001,0.0,20.0,0.27
random,0.2509847998583333333333333333,8.600000000000001,0.0,20.0,0.14
random,0.5019695997166666666666666667,8.65,0.0,15.500000000000044,0.17
random,0.752954399575,8.950000000000001,0.0,20.0,0.16
random,1.003939199433333333333333333,9.100000000000001,0.0,20.0,0.17
random,1.254923999291666666666666667,9.05,0.0,20.0,0.19
random,1.50590879915,9.200000000000003,0.0,20.0,0.17
random,1.756893599008333333333333333,8.850000000000001,0.0,20.0,0.2
random,2.007878398866666666666666667,7.950000000000002,0.0,15.500000000000044,0.26
random,2.258863198725,8.4,0.0,20.0,0.25
random,2.509847998583333333333333333,8.100000000000001,0.0,20.0,0.24
random,2.760832798441666666666666667,8.3,0.0,20.0,0.26
random,3.01181759830,7.800000000000001,0.0,20.0,0.29
random,3.262802398158333333333333333,8.05,0.0,20.0,0.28
random,3.513787198016666666666666667,8.05,0.0,20.0,0.28
random,3.764771997875,7.400000000000002,0.0,20.0,0.3
random,4.015756797733333333333333333,6.950000000000002,0.0,20.0,0.31
random,4.266741597591666666666666667,6.700000000000002,0.0,20.0,0.3
random,4.51772639745,7.400000000000001,0.0,20.0,0.27
random,4.768711197308333333333333333,7.800000000000001,0.0,20.0,0.26
random,5.019695997166666666666666667,7.600000000000001,0.0,20.0,0.27
random,5.270680797025,7.500000000000003,0.0,20.0,0.26
random,5.521665596883333333333333333,7.5500000000000025,0.0,20.0,0.24
random,5.772650396741666666666666667,7.450000000000001,0.0,20.0,0.23
random,6.02363519660,7.500000000000001,0.0,20.0,0.23
random,6.274619996458333333333333333,7.200000000000001,0.0,20.0,0.24
random,6.525604796316666666666666667,7.300000000000001,0.0,15.500000000000044,0.26
random,6.776589596175,7.200000000000001,0.0,20.0,0.26
random,7.027574396033333333333333333,7.300000000000001,0.0,20.0,0.24
random,7.278559195891666666666666667,7.400000000000001,0.0,20.0,0.23
random,7.52954399575,6.950000000000002,0.0,15.000000000000002,0.21
random,7.780528795608333333333333333,6.900000000000001,0.0,15.000000000000002,0.22
random,8.031513595466666666666666667,6.850000000000001,0.0,15.000000000000002,0.25
random,8.282498395325,6.650000000000001,0.0,15.000000000000002,0.26
random,8.533483195183333333333333333,6.650000000000002,0.0,15.000000000000002,0.26
random,8.784467995041666666666666667,6.750000000000001,0.0,15.000000000000002,0.27
random,9.03545279490,6.400000000000001,0.0,15.000000000000002,0.3
random,9.286437594758333333333333333,6.000000000000001,0.0,15.000000000000002,0.31
random,9.537422394616666666666666667,5.350000000000001,0.0,9.999999999999998,0.33
random,9.788407194475,5.150000000000001,0.0,9.999999999999998,0.33
random,10.03939199433333333333333333,5.000000000000002,0.0,9.999999999999998,0.35
random,10.29037679419166666666666667,4.950000000000002,0.0,9.999999999999998,0.34
random,10.54136159405,4.850000000000001,0.0,9.999999999999998,0.32
random,10.79234639390833333333333333,4.550000000000002,0.0,9.999999999999998,0.36
random,11.04333119376666666666666667,5.200000000000001,0.0,9.999999999999998,0.34
random,11.294315993625,5.250000000000003,0.0,9.999999999999998,0.32
random,11.54530079348333333333333333,5.400000000000002,0.0,9.999999999999998,0.32
random,11.79628559334166666666666667,5.600000000000002,0.0,10.50000000000004,0.29
random,12.04727039320,5.5500000000000025,0.0,9.999999999999998,0.3
random,12.29825519305833333333333333,5.350000000000002,0.0,9.999999999999998,0.31
random,12.54923999291666666666666667,4.850000000000001,0.0,9.999999999999998,0.34
random,12.800224792775,5.100000000000001,0.0,9.999999999999998,0.31
random,13.05120959263333333333333333,5.150000000000002,0.0,9.999999999999998,0.31
random,13.30219439249166666666666667,5.050000000000002,0.0,9.999999999999998,0.33
random,13.55317919235,4.750000000000002,0.0,9.999999999999998,0.35
random,13.80416399220833333333333333,4.650000000000002,0.0,9.999999999999998,0.36
random,14.05514879206666666666666667,4.200000000000002,0.0,9.999999999999998,0.36
random,14.306133591925,4.500000000000002,0.0,9.999999999999998,0.37
random,14.55711839178333333333333333,4.250000000000002,0.0,9.999999999999998,0.39
random,14.80810319164166666666666667,4.100000000000001,0.0,9.999999999999998,0.39
random,15.05908799150,3.850000000000002,0.0,9.999999999999998,0.41
random,15.31007279135833333333333333,4.200000000000002,0.0,9.999999999999998,0.4
random,15.56105759121666666666666667,4.100000000000001,0.0,9.999999999999998,0.4
random,15.812042391075,4.200000000000002,0.0,9.999999999999998,0.42
random,16.06302719093333333333333333,4.000000000000002,0.0,9.999999999999998,0.41
random,16.31401199079166666666666667,3.9000000000000017,0.0,9.999999999999998,0.42
random,16.56499679065,3.9000000000000017,0.0,9.999999999999998,0.43
random,16.81598159050833333333333333,4.300000000000002,0.0,9.999999999999998,0.39
random,17.06696639036666666666666667,4.050000000000002,0.0,9.999999999999998,0.43
random,17.317951190225,4.050000000000002,0.0,9.999999999999998,0.43
random,17.56893599008333333333333333,3.850000000000002,0.0,9.999999999999998,0.44
random,17.81992078994166666666666667,3.850000000000002,0.0,9.999999999999998,0.45
random,18.07090558980,3.7500000000000018,0.0,9.999999999999998,0.45
random,18.32189038965833333333333333,3.9500000000000015,0.0,9.999999999999998,0.44
random,18.57287518951666666666666667,3.6500000000000017,0.0,9.999999999999998,0.46
random,18.823859989375,3.5000000000000018,0.0,9.999999999999998,0.47
random,19.07484478923333333333333333,3.600000000000002,0.0,9.999999999999998,0.44
random,19.32582958909166666666666667,3.4500000000000015,0.0,9.999999999999998,0.46
random,19.57681438895,3.3000000000000016,0.0,9.999999999999998,0.47
random,19.82779918880833333333333333,3.0500000000000016,0.0,5.000000000000004,0.49
random,20.07878398866666666666666667,3.0000000000000018,0.0,5.000000000000004,0.5
random,20.329768788525,2.850000000000002,0.0,5.000000000000004,0.52
random,20.58075358838333333333333333,2.6500000000000017,0.0,5.000000000000004,0.51
random,20.83173838824166666666666667,2.450000000000002,0.0,5.000000000000004,0.54
random,21.08272318810,2.3000000000000016,0.0,5.000000000000004,0.58
random,21.33370798795833333333333333,2.3500000000000014,0.0,5.000000000000004,0.59
random,21.58469278781666666666666667,2.1500000000000017,0.0,5.000000000000004,0.6
random,21.835677587675,2.2000000000000015,0.0,5.000000000000004,0.64
random,22.08666238753333333333333333,2.2000000000000015,0.0,5.000000000000004,0.61
random,22.33764718739166666666666667,2.4500000000000015,0.0,5.000000000000004,0.57
random,22.58863198725,2.2500000000000018,0.0,5.000000000000004,0.59
random,22.83961678710833333333333333,2.3000000000000016,0.0,5.000000000000004,0.58
random,23.09060158696666666666666667,2.2500000000000013,0.0,5.000000000000004,0.61
random,23.341586386825,2.4000000000000012,0.0,5.000000000000004,0.59
random,23.59257118668333333333333333,2.350000000000002,0.0,5.000000000000004,0.59
random,23.84355598654166666666666667,2.4500000000000015,0.0,5.000000000000004,0.57
random,24.09454078640,2.2500000000000018,0.0,5.000000000000004,0.6
random,24.34552558625833333333333333,2.5000000000000018,0.0,5.000000000000004,0.58
random,24.59651038611666666666666667,2.2500000000000013,0.0,5.000000000000004,0.62
random,24.847495185975,2.0500000000000016,0.0,5.000000000000004,0.64
random,25.09847998583333333333333333,2.0000000000000013,0.0,5.000000000000004,0.65
random,25.34946478569166666666666667,1.8000000000000014,0.0,5.000000000000004,0.66
random,25.60044958555,1.500000000000001,0.0,5.000000000000004,0.72
random,25.85143438540833333333333333,1.5500000000000012,0.0,5.000000000000004,0.71
random,26.10241918526666666666666667,1.300000000000001,0.0,5.000000000000004,0.76
random,26.353403985125,1.4000000000000012,0.0,5.000000000000004,0.74
random,26.60438878498333333333333333,1.450000000000001,0.0,5.000000000000004,0.72
random,26.85537358484166666666666667,1.2500000000000009,0.0,5.000000000000004,0.76
random,27.10635838470,1.1500000000000008,0.0,5.000000000000004,0.78
random,27.35734318455833333333333333,1.2500000000000009,0.0,5.000000000000004,0.76
random,27.60832798441666666666666667,1.0000000000000009,0.0,5.000000000000004,0.81
random,27.859312784275,0.9000000000000008,0.0,5.000000000000004,0.82
random,28.11029758413333333333333333,0.8500000000000008,0.0,5.000000000000004,0.83
random,28.36128238399166666666666667,0.7000000000000006,0.0,5.000000000000004,0.86
random,28.61226718385,0.7000000000000006,0.0,5.000000000000004,0.86
random,28.86325198370833333333333333,0.5500000000000005,0.0,5.000000000000004,0.89
random,29.11423678356666666666666667,0.30000000000000027,0.0,0.0,0.94
random,29.365221583425,0.20000000000000018,0.0,0.0,0.96
random,29.61620638328333333333333333,0.050000000000000044,0.0,0.0,0.99
random,29.86719118314166666666666667,0.050000000000000044,0.0,0.0,0.99
random,30.11817598300,0.0,0.0,0.0,1.0
