planned_pairs,mean_actual_pairs,mean_cost_cents,min_cost_cents,max_cost_cents,mean_gap_pp,p10_gap_pp,p90_gap_pp,optimal_fraction
54,39.0,2.20746283075,1.1252336800,3.4677820800,5.500000000000001,0.0,15.000000000000002,0.35
108,91.0,5.06903064232,3.2103736800,6.9464709600,3.2500000000000018,0.0,9.999999999999998,0.51
162,145.0,8.30481406010,6.0881690000,10.1310990800,1.2000000000000008,0.0,5.000000000000004,0.78
216,216.0,12.30792320978,9.5538006800,14.7135864400,0.40000000000000036,0.0,0.0,0.92
270,270.0,15.29615372831,12.0325655200,17.9174914400,0.40000000000000036,0.0,0.0,0.92
324,324.0,18.25737824307,15.3558464400,21.24806170300,0.40000000000000036,0.0,0.0,0.92
378,378.0,21.23777565761,18.6250859200,23.70121698300,0.2500000000000002,0.0,0.0,0.95
432,432.0,24.17620456316,21.97683366300,26.24554526300,0.0,0.0,0.0,1.0
486,486.0,27.12731162105,25.66108118300,28.48843638300,0.0,0.0,0.0,1.0
540,540.0,30.11817598300,30.11817598300,30.11817598300,0.0,0.0,0.0,1.0
