cost_cents,mean_gap_pp,p10_gap_pp,p90_gap_pp,optimal_fraction
0E-10,9.200000000000001,0.0,20.0,0.27
0.009376947333333333333333333333,9.200000000000001,0.0,20.0,0.27
0.01875389466666666666666666667,9.200000000000001,0.0,20.0,0.27
0.0281308420,9.200000000000001,0.0,20.0,0.27
0.03750778933333333333333333333,9.200000000000001,0.0,20.0,0.27
0.04688473666666666666666666667,9.200000000000001,0.0,20.0,0.27
0.0562616840,9.200000000000001,0.0,20.0,0.27
0.06563863133333333333333333333,9.200000000000001,0.0,20.0,0.27
0.07501557866666666666666666667,9.200000000000001,0.0,20.0,0.27
0.0843925260,9.200000000000001,0.0,20.0,0.27
0.09376947333333333333333333333,9.200000000000001,0.0,20.0,0.27
0.1031464206666666666666666667,8.850000000000001,0.0,20.0,0.28
0.1125233680,8.850000000000001,0.0,20.0,0.28
0.1219003153333333333333333333,8.850000000000001,0.0,20.0,0.28
0.1312772626666666666666666667,8.65,0.0,20.0,0.28
0.1406542100,8.750000000000002,0.0,20.0,0.28
0.1500311573333333333333333333,8.850000000000001,0.0,20.0,0.28
0.1594081046666666666666666667,8.65,0.0,20.0,0.29
0.1687850520,8.65,0.0,20.0,0.29
0.1781619993333333333333333333,8.65,0.0,20.0,0.29
0.1875389466666666666666666667,8.350000000000001,0.0,20.0,0.29
0.1969158940,8.350000000000001,0.0,20.0,0.29
0.2062928413333333333333333333,8.350000000000001,0.0,20.0,0.29
0.2156697886666666666666666667,8.3,0.0,20.0,0.29
0.2250467360,8.3,0.0,20.0,0.29
0.2344236833333333333333333333,8.3,0.0,20.0,0.29
0.2438006306666666666666666667,8.3,0.0,20.0,0.29
0.2531775780,8.3,0.0,20.0,0.29
0.2625545253333333333333333333,8.3,0.0,20.0,0.29
0.2719314726666666666666666667,8.3,0.0,20.0,0.29
0.2813084200,8.3,0.0,20.0,0.29
0.2906853673333333333333333333,8.3,0.0,20.0,0.29
0.3000623146666666666666666667,8.15,0.0,20.0,0.3
0.3094392620,8.15,0.0,20.0,0.3
0.3188162093333333333333333333,8.100000000000001,0.0,20.0,0.3
0.3281931566666666666666666667,8.100000000000001,0.0,20.0,0.3
0.3375701040,8.100000000000001,0.0,20.0,0.3
0.3469470513333333333333333333,8.100000000000001,0.0,20.0,0.3
0.3563239986666666666666666667,8.100000000000001,0.0,20.0,0.3
0.3657009460,8.100000000000001,0.0,20.0,0.3
0.3750778933333333333333333333,8.100000000000001,0.0,20.0,0.3
0.3844548406666666666666666667,8.100000000000001,0.0,20.0,0.3
0.3938317880,8.100000000000001,0.0,20.0,0.3
0.4032087353333333333333333333,8.100000000000001,0.0,20.0,0.3
0.4125856826666666666666666667,8.100000000000001,0.0,20.0,0.3
0.4219626300,8.100000000000001,0.0,20.0,0.3
0.4313395773333333333333333333,8.100000000000001,0.0,20.0,0.3
0.4407165246666666666666666667,8.100000000000001,0.0,20.0,0.3
0.4500934720,8.100000000000001,0.0,20.0,0.3
0.4594704193333333333333333333,8.100000000000001,0.0,20.0,0.3
0.4688473666666666666666666667,8.100000000000001,0.0,20.0,0.3
0.4782243140,8.100000000000001,0.0,20.0,0.3
0.4876012613333333333333333333,8.100000000000001,0.0,20.0,0.3
0.4969782086666666666666666667,8.100000000000001,0.0,20.0,0.3
0.5063551560,8.100000000000001,0.0,20.0,0.3
0.5157321033333333333333333333,7.900000000000001,0.0,20.0,0.3
0.5251090506666666666666666667,7.900000000000001,0.0,20.0,0.3
0.5344859980,7.900000000000001,0.0,20.0,0.3
0.5438629453333333333333333333,7.900000000000001,0.0,20.0,0.3
0.5532398926666666666666666667,7.900000000000001,0.0,20.0,0.3
0.5626168400,7.900000000000001,0.0,20.0,0.3
0.5719937873333333333333333333,7.900000000000001,0.0,20.0,0.3
0.5813707346666666666666666667,7.900000000000001,0.0,20.0,0.3
0.5907476820,7.800000000000001,0.0,20.0,0.31
0.6001246293333333333333333333,7.800000000000001,0.0,20.0,0.31
0.6095015766666666666666666667,7.800000000000001,0.0,20.0,0.31
0.6188785240,7.800000000000001,0.0,20.0,0.31
0.6282554713333333333333333333,7.800000000000001,0.0,20.0,0.31
0.6376324186666666666666666667,7.800000000000001,0.0,20.0,0.31
0.6470093660,7.800000000000001,0.0,20.0,0.31
0.6563863133333333333333333333,7.600000000000001,0.0,15.500000000000044,0.32
0.6657632606666666666666666667,7.950000000000001,0.0,20.0,0.31
0.6751402080,7.950000000000001,0.0,20.0,0.31
0.6845171553333333333333333333,7.950000000000001,0.0,20.0,0.31
0.6938941026666666666666666667,7.950000000000001,0.0,20.0,0.31
0.7032710500,7.550000000000001,0.0,15.500000000000044,0.34
0.7126479973333333333333333333,7.550000000000001,0.0,15.500000000000044,0.34
0.7220249446666666666666666667,7.600000000000001,0.0,15.500000000000044,0.33
0.7314018920,7.550000000000001,0.0,15.500000000000044,0.33
0.7407788393333333333333333333,7.550000000000001,0.0,15.500000000000044,0.33
0.7501557866666666666666666667,7.600000000000001,0.0,15.500000000000044,0.32
0.7595327340,7.600000000000001,0.0,15.500000000000044,0.32
0.7689096813333333333333333333,7.600000000000001,0.0,20.0,0.32
0.7782866286666666666666666667,7.600000000000001,0.0,20.0,0.32
0.7876635760,7.650000000000001,0.0,20.0,0.31
0.7970405233333333333333333333,7.550000000000001,0.0,20.0,0.32
0.8064174706666666666666666667,7.650000000000001,0.0,20.0,0.32
0.8157944180,7.650000000000001,0.0,20.0,0.32
0.8251713653333333333333333333,7.650000000000001,0.0,20.0,0.32
0.8345483126666666666666666667,7.650000000000001,0.0,20.0,0.31
0.8439252600,7.550000000000001,0.0,20.0,0.31
0.8533022073333333333333333333,7.250000000000001,0.0,15.000000000000002,0.32
0.8626791546666666666666666667,7.100000000000001,0.0,15.000000000000002,0.33
0.8720561020,6.950000000000001,0.0,15.000000000000002,0.33
0.8814330493333333333333333333,6.950000000000001,0.0,15.000000000000002,0.33
0.8908099966666666666666666667,7.100000000000001,0.0,15.000000000000002,0.3
0.9001869440,7.100000000000001,0.0,15.000000000000002,0.3
0.9095638913333333333333333333,7.150000000000001,0.0,15.000000000000002,0.3
0.9189408386666666666666666667,7.150000000000001,0.0,15.000000000000002,0.3
0.9283177860,7.350000000000001,0.0,15.000000000000002,0.29
0.9376947333333333333333333333,7.350000000000001,0.0,15.000000000000002,0.29
0.9470716806666666666666666667,7.550000000000001,0.0,15.000000000000002,0.29
0.9564486280,7.550000000000001,0.0,15.000000000000002,0.29
0.9658255753333333333333333333,7.400000000000001,0.0,15.000000000000002,0.29
0.9752025226666666666666666667,7.400000000000001,0.0,15.000000000000002,0.29
0.9845794700,7.400000000000001,0.0,15.000000000000002,0.29
0.9939564173333333333333333333,7.150000000000001,0.0,15.000000000000002,0.3
1.003333364666666666666666667,7.250000000000001,0.0,15.000000000000002,0.3
1.0127103120,7.550000000000001,0.0,15.500000000000044,0.29
1.022087259333333333333333333,7.450000000000001,0.0,20.0,0.3
1.031464206666666666666666667,7.400000000000001,0.0,20.0,0.3
1.0408411540,7.250000000000001,0.0,15.500000000000044,0.3
1.050218101333333333333333333,7.150000000000001,0.0,15.000000000000002,0.3
1.059595048666666666666666667,7.100000000000001,0.0,15.000000000000002,0.3
1.0689719960,7.350000000000001,0.0,15.500000000000044,0.29
1.078348943333333333333333333,7.250000000000001,0.0,15.500000000000044,0.29
1.087725890666666666666666667,6.750000000000001,0.0,15.000000000000002,0.29
1.0971028380,6.700000000000001,0.0,15.000000000000002,0.28
1.106479785333333333333333333,6.550000000000001,0.0,15.000000000000002,0.28
1.115856732666666666666666667,6.850000000000001,0.0,15.000000000000002,0.28
1.1252336800,7.050000000000001,0.0,15.000000000000002,0.28
